ts_recv,open,high,low,close,trades,volume
2023-01-17 15:00:00+00:00,37.69,37.69,37.69,37.69,1,1
2023-01-17 15:15:00+00:00,37.97,37.97,37.75,37.79,4,5
2023-01-17 15:45:00+00:00,38.09,38.09,38.09,38.09,1,1
2023-01-19 14:30:00+00:00,37.45,37.45,37.45,37.45,1,1
2023-01-20 14:30:00+00:00,37.6,37.6,37.6,37.6,1,3
2023-01-23 14:45:00+00:00,38.46,38.46,38.46,38.46,2,2
2023-01-23 15:15:00+00:00,38.74,38.74,38.74,38.74,1,1
2023-01-23 15:30:00+00:00,38.74,38.74,38.74,38.74,1,1
2023-01-23 15:45:00+00:00,38.7,38.74,38.7,38.74,4,5
2023-01-27 14:30:00+00:00,37.64,37.64,37.35,37.63,4,4
2023-01-27 14:45:00+00:00,37.57,37.57,37.57,37.57,1,1
2023-01-30 15:30:00+00:00,36.49,36.7,36.49,36.7,2,6
2023-01-31 15:30:00+00:00,36.25,36.8,36.25,36.8,13,93
2023-02-01 14:45:00+00:00,37.88,38.16,37.88,38.16,2,4
2023-02-01 15:15:00+00:00,38.14,38.14,38.14,38.14,1,1
2023-02-02 15:00:00+00:00,38.25,38.25,38.25,38.25,1,7
2023-02-02 16:00:00+00:00,39.61,39.61,38.92,39.0,6,15
2023-02-08 14:30:00+00:00,37.03,38.22,37.03,38.12,4,360
2023-02-08 14:45:00+00:00,37.15,37.9,37.1,37.83,8,372
2023-02-08 15:00:00+00:00,37.01,37.49,36.79,37.49,5,181
2023-02-08 15:15:00+00:00,37.47,37.47,36.64,37.19,13,592
2023-02-08 15:30:00+00:00,37.3,37.3,37.0,37.0,4,105
2023-02-09 14:45:00+00:00,38.92,38.92,38.92,38.92,1,1
2023-02-09 15:30:00+00:00,36.59,36.59,36.59,36.59,1,1
2023-02-09 15:45:00+00:00,36.62,36.62,36.62,36.62,1,1
2023-02-10 14:30:00+00:00,37.37,37.37,36.5,36.7,6,31
2023-02-10 15:15:00+00:00,36.44,36.44,36.44,36.44,1,1
2023-02-10 16:00:00+00:00,36.88,36.88,36.88,36.88,1,1
2023-02-15 14:45:00+00:00,37.79,37.79,37.79,37.79,3,6
2023-02-17 14:30:00+00:00,37.2,37.2,37.2,37.2,1,1
2023-02-17 14:45:00+00:00,37.19,37.19,37.17,37.17,2,31
2023-02-17 15:15:00+00:00,37.3,37.3,37.25,37.25,2,2
2023-02-17 16:00:00+00:00,37.5,37.5,37.5,37.5,1,20
2023-02-22 14:30:00+00:00,36.73,36.75,36.73,36.75,2,6
2023-02-22 15:30:00+00:00,36.12,36.12,36.12,36.12,1,1
2023-02-27 15:15:00+00:00,36.97,36.97,36.97,36.97,1,1
2023-03-01 14:45:00+00:00,36.7,36.7,36.7,36.7,1,1
2023-03-02 15:45:00+00:00,36.06,36.06,35.77,35.77,2,3
2023-03-03 15:00:00+00:00,37.0,37.08,37.0,37.08,4,6
2023-03-03 15:15:00+00:00,37.08,37.08,37.08,37.08,1,1
2023-03-06 15:15:00+00:00,35.85,35.85,35.85,35.85,1,1
2023-03-08 15:30:00+00:00,36.6,36.6,36.6,36.6,1,1
2023-03-10 15:30:00+00:00,36.51,36.51,36.51,36.51,1,100
2023-03-13 15:30:00+00:00,36.39,36.39,36.3,36.3,2,2
2023-03-13 15:45:00+00:00,35.965,35.965,35.53,35.84,4,8
2023-03-13 16:00:00+00:00,36.45,36.45,35.9,35.9,2,4
2023-03-14 13:30:00+00:00,36.51,36.51,36.51,36.51,3,3
2023-03-15 15:00:00+00:00,36.11,36.11,36.11,36.11,1,5
2023-03-15 15:45:00+00:00,36.8,36.8,36.8,36.8,5,9
2023-03-15 16:00:00+00:00,37.21,37.21,37.21,37.21,1,2
2023-03-17 13:45:00+00:00,37.25,37.25,36.98,36.98,2,11
2023-03-17 14:00:00+00:00,37.62,37.62,36.99,36.99,3,3
2023-03-17 14:15:00+00:00,36.98,37.62,36.98,37.62,2,3
2023-03-17 14:30:00+00:00,37.5,37.5,37.49,37.49,4,17
2023-03-17 14:45:00+00:00,37.24,37.535,37.24,37.535,2,2
2023-03-20 13:45:00+00:00,36.82,37.32,36.82,37.32,2,5
2023-03-20 14:00:00+00:00,37.19,37.19,37.19,37.19,1,1
2023-03-21 14:30:00+00:00,37.44,37.44,37.44,37.44,1,5
2023-03-22 13:45:00+00:00,37.71,37.72,37.71,37.72,2,2
2023-03-23 13:30:00+00:00,37.61,37.61,37.6,37.6,2,2
2023-03-23 13:45:00+00:00,37.49,38.1,37.49,38.1,2,2
2023-03-24 14:45:00+00:00,37.45,37.45,37.45,37.45,1,1
2023-03-24 15:45:00+00:00,37.5,37.68,37.5,37.68,2,27
2023-03-27 14:30:00+00:00,37.47,38.05,37.47,37.86,5,33
2023-03-27 14:45:00+00:00,37.8,37.8,37.8,37.8,1,1
2023-03-27 15:00:00+00:00,37.35,37.44,37.35,37.44,4,31
2023-03-28 13:45:00+00:00,37.19,37.32,37.19,37.32,2,2
2023-03-28 14:15:00+00:00,36.97,36.97,36.97,36.97,1,1
2023-03-28 14:30:00+00:00,37.05,37.14,37.05,37.14,2,6
2023-03-29 13:30:00+00:00,37.02,37.02,37.02,37.02,1,1
2023-03-29 14:00:00+00:00,37.09,37.09,37.09,37.09,2,31
2023-03-29 15:30:00+00:00,37.0,37.57,37.0,37.22,17,307
2023-03-29 15:45:00+00:00,37.25,37.25,37.25,37.25,2,2
2023-03-29 16:00:00+00:00,37.25,37.3,37.25,37.3,3,7
2023-03-30 14:15:00+00:00,37.24,37.24,37.19,37.24,7,13
2023-03-31 14:00:00+00:00,37.26,37.26,37.26,37.26,1,2
2023-03-31 15:00:00+00:00,37.19,37.6,37.19,37.595,11,61
2023-03-31 15:45:00+00:00,37.41,37.41,37.41,37.41,2,22
2023-04-03 13:45:00+00:00,37.45,37.45,37.45,37.45,1,1
2023-04-03 14:00:00+00:00,37.355,37.55,37.355,37.45,8,37
2023-04-03 14:30:00+00:00,37.33,37.33,37.33,37.33,1,1
2023-04-03 15:00:00+00:00,37.33,37.5,37.3,37.49,8,112
2023-04-03 15:30:00+00:00,37.39,37.39,37.39,37.39,3,8
2023-04-04 14:00:00+00:00,37.64,37.64,37.59,37.59,3,3
2023-04-04 14:15:00+00:00,37.59,38.05,37.49,37.5,5,5
2023-04-04 15:45:00+00:00,37.59,37.59,37.59,37.59,1,3
2023-04-05 14:15:00+00:00,36.99,36.99,36.59,36.6,11,95
2023-04-05 14:30:00+00:00,36.67,36.67,36.67,36.67,2,9
2023-04-05 14:45:00+00:00,36.69,36.79,36.69,36.79,2,39
2023-04-05 15:00:00+00:00,35.84,35.95,35.84,35.95,5,19
2023-04-05 15:15:00+00:00,35.4,36.67,35.4,36.24,7,78
2023-04-05 15:45:00+00:00,35.9,35.9,35.9,35.9,1,1
2023-04-06 14:00:00+00:00,36.3,36.42,36.3,36.37,6,178
2023-04-06 14:45:00+00:00,36.41,36.41,35.72,35.72,7,27
2023-04-06 15:15:00+00:00,36.42,36.74,36.42,36.74,2,2
2023-04-06 15:30:00+00:00,36.65,36.66,36.65,36.65,3,25
2023-04-06 15:45:00+00:00,36.65,36.65,36.65,36.65,1,1
2023-04-06 16:00:00+00:00,36.65,36.65,36.65,36.65,1,1
2023-04-10 14:00:00+00:00,36.19,36.5,36.19,36.4,4,58
2023-04-10 14:15:00+00:00,36.5,36.89,36.5,36.89,9,35
2023-04-10 14:30:00+00:00,36.6,36.87,36.37,36.37,8,154
2023-04-10 14:45:00+00:00,36.42,36.42,36.42,36.42,1,2
2023-04-10 15:00:00+00:00,36.82,36.82,36.31,36.64,7,53
2023-04-10 15:15:00+00:00,36.5,36.93,36.5,36.71,4,69
2023-04-10 15:30:00+00:00,36.05,36.05,36.04,36.04,3,12
2023-04-10 16:00:00+00:00,35.73,36.4,35.575,35.9,8,57
2023-04-11 13:15:00+00:00,31.73,31.8,31.73,31.8,41,1420
2023-04-11 13:30:00+00:00,31.63,31.63,31.63,31.63,1,50
2023-04-11 13:45:00+00:00,31.16,31.5,31.16,31.5,6,71
2023-04-11 14:00:00+00:00,31.67,32.04,31.67,31.95,8,403
2023-04-11 14:45:00+00:00,31.72,31.72,31.72,31.72,1,3
2023-04-11 15:30:00+00:00,31.92,32.33,31.92,32.15,43,415
2023-04-11 15:45:00+00:00,32.245,32.39,32.245,32.39,7,153
2023-04-11 16:00:00+00:00,32.64,32.73,32.64,32.73,5,123
2023-04-12 14:45:00+00:00,34.03,34.03,34.03,34.03,2,4
2023-04-12 15:00:00+00:00,34.8,34.8,33.03,33.65,12,58
2023-04-13 14:00:00+00:00,34.22,34.28,33.99,34.28,11,118
2023-04-13 14:15:00+00:00,34.25,34.25,33.99,34.07,16,469
2023-04-13 14:30:00+00:00,34.09,34.09,34.09,34.09,1,1
2023-04-13 14:45:00+00:00,34.185,34.185,34.185,34.185,1,1
2023-04-13 15:00:00+00:00,34.185,34.185,34.11,34.11,2,6
2023-04-13 15:45:00+00:00,34.3,34.3,34.3,34.3,2,25
2023-04-13 16:00:00+00:00,34.21,34.27,34.21,34.27,2,30
2023-04-14 14:30:00+00:00,36.06,36.15,36.06,36.15,7,172
2023-04-14 14:45:00+00:00,36.2,36.34,36.2,36.34,8,95
2023-04-14 15:00:00+00:00,36.34,36.66,36.31,36.47,13,110
2023-04-18 13:45:00+00:00,37.22,37.22,37.22,37.22,1,1
2023-04-18 14:15:00+00:00,37.58,37.58,37.58,37.58,3,80
2023-04-18 14:45:00+00:00,37.59,37.59,37.59,37.59,5,40
2023-04-18 15:00:00+00:00,37.15,37.21,36.8,37.21,4,8
2023-04-18 15:15:00+00:00,37.21,37.21,37.21,37.21,2,8
2023-04-18 15:45:00+00:00,37.21,37.21,37.21,37.21,1,1
2023-04-18 16:00:00+00:00,37.21,37.21,37.21,37.21,1,2
2023-04-20 14:45:00+00:00,37.0,37.0,36.99,36.99,2,29
2023-04-20 15:15:00+00:00,37.01,37.01,37.01,37.01,1,6
2023-04-24 14:30:00+00:00,37.49,37.49,37.49,37.49,1,1
2023-04-24 15:00:00+00:00,37.04,37.04,37.04,37.04,1,1
2023-04-24 15:15:00+00:00,37.21,37.21,37.21,37.21,14,75
2023-04-24 15:45:00+00:00,37.66,37.66,37.66,37.66,1,3
2023-04-26 14:30:00+00:00,37.27,37.27,37.27,37.27,2,8
2023-04-26 15:30:00+00:00,37.39,37.39,37.39,37.39,1,7
2023-04-26 15:45:00+00:00,37.91,37.91,37.85,37.89,4,9
2023-04-27 14:00:00+00:00,37.75,37.88,37.75,37.88,3,17
2023-04-27 16:00:00+00:00,37.35,37.35,37.35,37.35,1,1
2023-04-28 13:45:00+00:00,37.35,37.8,37.35,37.8,3,13
2023-04-28 14:00:00+00:00,37.5,37.5,37.5,37.5,1,4
2023-05-01 14:15:00+00:00,37.55,37.55,37.55,37.55,1,1
2023-05-02 13:30:00+00:00,37.34,37.73,37.34,37.73,3,3
2023-05-02 13:45:00+00:00,37.38,37.38,37.38,37.38,1,1
2023-05-02 14:00:00+00:00,37.36,37.36,37.36,37.36,2,94
2023-05-02 14:15:00+00:00,37.39,37.67,37.25,37.29,5,29
2023-05-02 14:30:00+00:00,37.28,37.49,37.24,37.28,5,10
2023-05-02 14:45:00+00:00,37.3,37.3,37.3,37.3,2,2
2023-05-02 15:15:00+00:00,37.1,37.19,37.1,37.1,5,5
2023-05-02 15:45:00+00:00,37.2,37.35,37.15,37.15,7,7
2023-05-02 16:00:00+00:00,36.99,37.5,36.84,36.84,10,19
2023-05-03 13:30:00+00:00,37.23,37.23,37.23,37.23,1,1
2023-05-03 13:45:00+00:00,37.37,37.37,37.37,37.37,1,1
2023-05-03 14:00:00+00:00,37.75,37.75,37.75,37.75,1,1
2023-05-03 14:15:00+00:00,37.3,37.3,37.3,37.3,1,2
2023-05-03 15:15:00+00:00,37.6,37.6,37.13,37.13,3,16
2023-05-04 14:00:00+00:00,36.48,36.78,36.48,36.52,3,94
2023-05-04 14:15:00+00:00,36.52,37.0,36.5,36.5,11,103
2023-05-04 14:30:00+00:00,36.51,37.45,36.51,37.45,2,2
2023-05-04 14:45:00+00:00,36.72,36.72,36.72,36.72,1,7
2023-05-04 15:00:00+00:00,36.95,36.95,36.66,36.66,4,20
2023-05-04 15:15:00+00:00,37.21,37.21,37.06,37.06,3,3
2023-05-04 15:30:00+00:00,36.91,36.91,36.91,36.91,2,2
2023-05-04 15:45:00+00:00,36.95,36.95,36.95,36.95,1,2
2023-05-05 13:30:00+00:00,36.84,36.84,36.84,36.84,2,2
2023-05-05 13:45:00+00:00,37.49,37.49,37.49,37.49,1,7
2023-05-05 14:00:00+00:00,37.39,37.48,37.39,37.48,4,7
2023-05-05 14:45:00+00:00,37.48,37.48,37.44,37.44,2,9
2023-05-05 15:00:00+00:00,37.44,37.45,37.44,37.45,3,12
2023-05-05 15:15:00+00:00,37.08,37.45,37.08,37.45,3,10
2023-05-05 15:30:00+00:00,37.45,37.45,37.45,37.45,1,3
2023-05-05 15:45:00+00:00,37.38,37.49,37.38,37.49,2,11
2023-05-05 16:00:00+00:00,37.08,37.1,37.08,37.1,2,2
2023-05-08 13:30:00+00:00,37.0,37.0,37.0,37.0,1,1
2023-05-08 13:45:00+00:00,37.13,37.13,37.13,37.13,3,11
2023-05-08 14:00:00+00:00,37.0,37.0,37.0,37.0,1,2
2023-05-08 14:15:00+00:00,36.98,36.98,36.97,36.97,2,4
2023-05-08 15:00:00+00:00,37.39,37.39,36.74,36.89,5,8
2023-05-08 15:15:00+00:00,36.74,36.74,36.74,36.74,1,2
2023-05-08 15:30:00+00:00,36.74,36.75,36.6,36.6,4,6
2023-05-09 13:30:00+00:00,37.23,37.23,37.23,37.23,1,1
2023-05-09 14:30:00+00:00,36.76,37.18,36.67,37.18,8,41
2023-05-09 14:45:00+00:00,37.0,37.05,36.98,37.05,7,15
2023-05-09 15:00:00+00:00,37.0,37.0,37.0,37.0,1,1
2023-05-09 15:15:00+00:00,37.0,37.0,37.0,37.0,1,1
2023-05-09 15:30:00+00:00,37.2,37.2,37.2,37.2,1,1
2023-05-10 14:00:00+00:00,37.26,37.26,37.26,37.26,1,1
2023-05-10 14:15:00+00:00,37.25,37.25,36.99,36.99,2,2
2023-05-10 16:00:00+00:00,37.02,37.08,36.88,36.88,5,108
2023-05-11 14:00:00+00:00,36.69,36.9,36.69,36.9,2,2
2023-05-11 14:15:00+00:00,37.0,37.05,37.0,37.05,4,12
2023-05-12 13:30:00+00:00,36.7,36.7,36.7,36.7,2,6
2023-05-12 14:00:00+00:00,36.5,36.5,36.5,36.5,1,1
2023-05-12 16:00:00+00:00,36.86,36.86,36.86,36.86,1,1
2023-05-15 15:00:00+00:00,37.4,37.4,36.99,36.99,2,3
2023-05-15 15:15:00+00:00,36.99,37.3,36.99,37.25,6,7
2023-05-15 16:00:00+00:00,36.97,36.97,36.97,36.97,1,4
2023-05-16 15:15:00+00:00,37.19,37.19,37.03,37.03,3,34
2023-05-17 15:00:00+00:00,37.15,37.42,37.15,37.3,10,42
2023-05-17 15:15:00+00:00,37.37,37.37,37.37,37.37,1,3
2023-05-17 15:30:00+00:00,37.49,37.49,37.49,37.49,1,1
2023-05-18 16:00:00+00:00,38.18,38.18,38.18,38.18,1,1
2023-05-19 13:30:00+00:00,38.87,38.87,38.87,38.87,1,1
2023-05-19 14:00:00+00:00,37.85,37.85,37.85,37.85,1,3
2023-05-19 14:15:00+00:00,37.88,37.88,37.88,37.88,1,3
2023-05-19 14:30:00+00:00,38.57,38.77,38.0,38.77,12,35
2023-05-19 15:30:00+00:00,38.685,38.685,38.685,38.685,1,7
2023-05-19 15:45:00+00:00,38.7,38.7,38.685,38.7,4,22
2023-05-19 16:00:00+00:00,38.685,38.685,38.685,38.685,1,3
2023-05-22 14:00:00+00:00,39.85,39.85,39.85,39.85,1,1
2023-05-22 14:45:00+00:00,39.38,39.38,39.38,39.38,3,9
2023-05-22 15:45:00+00:00,39.04,39.04,39.04,39.04,1,1
2023-05-23 13:45:00+00:00,39.32,39.32,39.11,39.11,3,39
2023-05-23 14:00:00+00:00,39.29,39.53,39.29,39.53,4,5
2023-05-23 15:00:00+00:00,39.2,39.2,39.2,39.2,1,2
2023-05-24 15:00:00+00:00,38.75,39.36,38.75,39.36,3,13
2023-05-24 15:45:00+00:00,39.565,39.61,38.94,39.5,13,519
2023-05-24 16:00:00+00:00,39.8,39.82,39.8,39.82,4,30
2023-05-25 13:45:00+00:00,39.74,39.74,39.74,39.74,1,1
2023-05-25 14:30:00+00:00,39.75,39.75,39.69,39.69,2,2
2023-05-25 14:45:00+00:00,39.6,39.6,39.6,39.6,1,1
2023-05-25 15:00:00+00:00,39.58,39.58,39.58,39.58,1,1
2023-05-25 15:15:00+00:00,39.5,39.5,39.5,39.5,1,4
2023-05-25 15:30:00+00:00,39.14,39.21,39.14,39.21,2,3
2023-05-26 13:45:00+00:00,39.85,39.85,39.85,39.85,1,3
2023-05-26 14:00:00+00:00,39.8,39.8,39.52,39.8,5,16
2023-05-26 14:15:00+00:00,39.85,39.85,39.82,39.82,5,7
2023-05-26 14:30:00+00:00,39.62,39.62,39.62,39.62,1,6
2023-05-26 15:00:00+00:00,39.65,39.65,39.65,39.65,1,6
2023-05-26 15:45:00+00:00,40.12,40.24,40.1,40.24,6,14
2023-05-30 14:00:00+00:00,40.44,40.44,40.44,40.44,1,1
2023-05-30 14:30:00+00:00,39.85,39.85,39.7,39.74,4,59
2023-05-30 14:45:00+00:00,39.81,39.81,39.81,39.81,1,1
2023-05-30 15:00:00+00:00,40.09,40.09,39.76,39.77,8,33
2023-05-30 15:15:00+00:00,39.79,39.95,39.75,39.95,20,51
2023-05-31 13:30:00+00:00,39.47,39.47,39.47,39.47,1,1
2023-05-31 13:45:00+00:00,39.55,39.55,38.445,39.0,6,52
2023-05-31 14:00:00+00:00,38.96,38.96,38.96,38.96,1,1
2023-05-31 14:15:00+00:00,37.95,38.86,37.95,38.86,2,2
2023-05-31 14:30:00+00:00,38.37,38.37,38.37,38.37,1,1
2023-05-31 14:45:00+00:00,37.85,37.85,37.36,37.4,14,66
2023-05-31 15:15:00+00:00,37.1,37.1,36.87,36.87,4,66
2023-05-31 15:30:00+00:00,37.405,37.405,37.405,37.405,1,1
2023-06-01 13:45:00+00:00,36.71,36.71,36.71,36.71,1,1
2023-06-01 14:00:00+00:00,37.11,37.11,37.11,37.11,1,1
2023-06-01 14:15:00+00:00,37.0,37.14,36.94,37.14,14,82
2023-06-01 14:30:00+00:00,37.14,37.21,37.03,37.21,4,9
2023-06-01 14:45:00+00:00,37.18,37.33,37.1,37.15,12,20
2023-06-01 15:00:00+00:00,37.15,37.34,37.0,37.21,15,37
2023-06-01 15:15:00+00:00,37.21,37.21,37.21,37.21,1,1
2023-06-01 15:30:00+00:00,37.13,37.89,37.13,37.89,8,38
2023-06-01 15:45:00+00:00,37.6,37.97,37.55,37.55,11,39
2023-06-01 16:00:00+00:00,37.66,37.93,37.66,37.93,4,10
2023-06-02 13:30:00+00:00,37.76,37.76,37.76,37.76,1,1
2023-06-02 14:00:00+00:00,37.77,37.77,36.93,37.16,18,110
2023-06-02 14:15:00+00:00,37.0,37.15,37.0,37.01,11,25
2023-06-02 14:30:00+00:00,37.15,37.48,37.01,37.48,5,5
2023-06-02 14:45:00+00:00,37.01,37.04,37.01,37.04,2,2
2023-06-02 15:30:00+00:00,36.85,36.89,36.85,36.89,2,18
2023-06-02 15:45:00+00:00,36.9,37.13,36.89,36.93,11,17
2023-06-02 16:00:00+00:00,36.77,36.89,36.77,36.79,3,19
2023-06-05 14:15:00+00:00,37.0,37.0,37.0,37.0,3,9
2023-06-05 14:30:00+00:00,36.99,36.99,36.96,36.96,3,22
2023-06-05 14:45:00+00:00,36.71,36.71,36.71,36.71,1,1
2023-06-05 15:00:00+00:00,36.53,36.74,36.52,36.74,4,8
2023-06-05 15:15:00+00:00,36.7,36.73,36.7,36.73,2,20
2023-06-05 15:45:00+00:00,36.22,36.4,36.22,36.36,3,4
2023-06-06 13:45:00+00:00,36.35,36.36,36.35,36.36,2,2
2023-06-06 14:00:00+00:00,36.68,36.68,36.68,36.68,1,2
2023-06-06 14:45:00+00:00,36.4,36.4,36.4,36.4,1,3
2023-06-06 15:00:00+00:00,36.5,36.5,36.46,36.46,19,77
2023-06-06 15:15:00+00:00,36.46,36.46,36.46,36.46,3,3
2023-06-06 15:30:00+00:00,36.56,36.56,36.46,36.46,9,20
2023-06-06 15:45:00+00:00,36.46,36.55,36.45,36.53,11,25
2023-06-07 13:30:00+00:00,36.7,36.7,36.7,36.7,1,1
2023-06-07 13:45:00+00:00,36.93,36.93,36.93,36.93,1,2
2023-06-07 14:00:00+00:00,37.01,37.01,37.01,37.01,1,30
2023-06-07 14:15:00+00:00,36.7,36.7,36.7,36.7,12,14
2023-06-07 14:30:00+00:00,36.9,36.9,36.34,36.6,12,42
2023-06-07 14:45:00+00:00,36.58,36.7,36.58,36.7,6,13
2023-06-07 15:00:00+00:00,36.7,36.7,36.7,36.7,5,5
2023-06-07 15:15:00+00:00,36.7,36.7,36.7,36.7,2,12
2023-06-07 15:30:00+00:00,36.7,36.7,36.7,36.7,1,1
2023-06-07 15:45:00+00:00,36.7,36.7,36.7,36.7,7,12
2023-06-07 16:00:00+00:00,36.7,36.7,36.69,36.7,9,45
2023-06-08 14:00:00+00:00,36.28,36.28,36.24,36.24,3,11
2023-06-08 14:30:00+00:00,36.28,36.44,36.28,36.44,5,5
2023-06-08 14:45:00+00:00,36.26,36.55,36.26,36.55,3,6
2023-06-08 15:00:00+00:00,36.26,36.31,36.25,36.25,7,124
2023-06-08 15:15:00+00:00,36.25,36.45,36.25,36.37,29,124
2023-06-08 15:30:00+00:00,36.37,36.37,36.24,36.24,7,17
2023-06-08 15:45:00+00:00,36.24,36.24,36.24,36.24,1,5
2023-06-09 13:45:00+00:00,36.43,36.65,36.43,36.44,11,194
2023-06-09 14:00:00+00:00,36.48,36.53,36.4,36.5,8,21
2023-06-09 14:15:00+00:00,36.42,36.42,36.37,36.37,2,2
2023-06-09 14:30:00+00:00,36.38,36.38,36.25,36.25,2,11
2023-06-09 15:15:00+00:00,36.05,36.05,35.89,35.89,2,2
2023-06-09 15:30:00+00:00,35.75,35.75,35.75,35.75,2,20
2023-06-12 13:45:00+00:00,36.23,36.23,36.23,36.23,1,1
2023-06-12 14:00:00+00:00,35.66,35.66,35.66,35.66,1,1
2023-06-12 14:15:00+00:00,35.66,35.67,35.66,35.66,4,12
2023-06-12 14:30:00+00:00,35.61,35.61,35.61,35.61,1,3
2023-06-12 14:45:00+00:00,35.61,35.61,35.61,35.61,1,1
2023-06-12 15:00:00+00:00,35.6,35.66,35.6,35.66,5,13
2023-06-12 15:15:00+00:00,35.64,35.66,35.64,35.66,3,3
2023-06-12 15:30:00+00:00,35.69,35.69,35.69,35.69,1,2
2023-06-12 15:45:00+00:00,35.59,35.59,35.35,35.35,6,9
2023-06-12 16:00:00+00:00,35.35,35.35,35.35,35.35,2,4
2023-06-13 13:45:00+00:00,35.5,35.5,35.5,35.5,2,8
2023-06-13 14:00:00+00:00,35.78,35.78,35.25,35.33,6,28
2023-06-13 14:45:00+00:00,35.65,35.65,35.65,35.65,1,2
2023-06-13 15:00:00+00:00,35.65,35.65,35.65,35.65,1,1
2023-06-13 15:15:00+00:00,35.55,35.55,35.55,35.55,1,2
2023-06-13 15:30:00+00:00,35.55,35.75,35.45,35.45,7,61
2023-06-13 15:45:00+00:00,35.41,35.41,35.29,35.29,6,24
2023-06-14 13:45:00+00:00,35.99,35.99,35.57,35.57,2,10
2023-06-14 14:00:00+00:00,35.58,35.58,35.58,35.58,1,8
2023-06-14 14:15:00+00:00,35.58,35.6,35.58,35.6,3,21
2023-06-14 14:30:00+00:00,35.91,35.91,35.68,35.68,10,47
2023-06-14 14:45:00+00:00,35.6,35.75,35.56,35.75,6,17
2023-06-14 15:00:00+00:00,35.62,36.01,35.62,36.01,5,28
2023-06-14 15:15:00+00:00,35.82,35.82,35.67,35.67,6,27
2023-06-14 15:30:00+00:00,35.6,35.6,35.6,35.6,1,2
2023-06-14 15:45:00+00:00,35.61,35.61,35.61,35.61,1,21
2023-06-14 16:00:00+00:00,35.61,35.64,35.61,35.64,2,3
2023-06-15 15:15:00+00:00,35.84,35.84,35.63,35.63,3,3
2023-06-15 15:30:00+00:00,35.65,35.65,35.65,35.65,1,1
2023-06-15 15:45:00+00:00,35.6,35.6,35.6,35.6,1,1
2023-06-16 13:45:00+00:00,35.91,35.91,35.91,35.91,1,7
2023-06-16 14:15:00+00:00,36.37,36.37,36.37,36.37,1,1
2023-06-16 15:00:00+00:00,35.83,35.83,35.83,35.83,3,8
2023-06-16 15:45:00+00:00,36.05,36.05,36.05,36.05,1,1
2023-06-20 14:00:00+00:00,35.57,35.57,35.57,35.57,1,5
2023-06-20 14:15:00+00:00,35.57,35.57,35.57,35.57,3,49
2023-06-20 14:30:00+00:00,35.59,35.59,35.59,35.59,2,10
2023-06-20 14:45:00+00:00,35.63,35.98,35.63,35.63,13,115
2023-06-20 15:15:00+00:00,35.76,35.76,35.745,35.745,5,124
2023-06-20 15:30:00+00:00,35.63,35.78,35.63,35.78,2,25
2023-06-21 14:30:00+00:00,35.16,35.16,35.16,35.16,1,11
2023-06-21 14:45:00+00:00,35.06,35.06,35.06,35.06,1,10
2023-06-21 15:00:00+00:00,35.2,35.25,35.16,35.16,3,14
2023-06-21 15:15:00+00:00,35.16,35.21,35.16,35.21,4,40
2023-06-21 15:30:00+00:00,35.21,35.26,35.21,35.26,3,9
2023-06-21 15:45:00+00:00,35.27,35.47,35.07,35.24,9,125
2023-06-22 13:30:00+00:00,35.3,35.3,35.3,35.3,1,2
2023-06-22 14:00:00+00:00,35.3,35.47,35.3,35.47,2,6
2023-06-22 14:15:00+00:00,35.44,35.44,35.44,35.44,1,1
2023-06-22 14:45:00+00:00,34.93,34.93,34.9,34.9,2,17
2023-06-22 15:00:00+00:00,35.09,35.1,34.99,35.07,11,135
2023-06-22 15:15:00+00:00,35.09,35.14,35.09,35.14,10,36
2023-06-22 16:00:00+00:00,34.9,35.05,34.9,35.05,2,18
2023-06-23 14:30:00+00:00,34.825,34.825,34.825,34.825,1,27
2023-06-23 14:45:00+00:00,34.72,34.72,34.72,34.72,1,5
2023-06-23 15:15:00+00:00,34.72,34.72,34.72,34.72,1,5
2023-06-23 15:30:00+00:00,34.76,34.76,34.76,34.76,1,27
2023-06-26 13:30:00+00:00,35.22,35.22,35.01,35.01,6,612
2023-06-26 13:45:00+00:00,34.59,34.71,34.59,34.6,4,15
2023-06-26 14:00:00+00:00,34.6,34.65,34.6,34.65,6,38
2023-06-26 14:15:00+00:00,34.65,34.65,34.65,34.65,1,5
2023-06-26 14:30:00+00:00,34.5,34.5,34.41,34.41,3,8
2023-06-26 14:45:00+00:00,34.38,34.44,34.38,34.44,4,53
2023-06-26 15:30:00+00:00,34.39,34.39,34.39,34.39,1,3
2023-06-26 16:00:00+00:00,34.63,34.68,34.57,34.57,8,53
2023-06-27 13:30:00+00:00,35.07,35.07,35.07,35.07,1,1
2023-06-27 14:30:00+00:00,34.59,34.64,34.59,34.64,3,3
2023-06-27 15:00:00+00:00,35.11,35.11,35.11,35.11,1,2
2023-06-27 15:30:00+00:00,35.2,35.2,35.2,35.2,2,2
2023-06-27 15:45:00+00:00,35.18,35.18,35.12,35.12,2,22
2023-06-27 16:00:00+00:00,35.19,35.19,35.08,35.09,4,10
2023-06-28 13:30:00+00:00,35.18,35.18,35.18,35.18,1,1
2023-06-28 13:45:00+00:00,35.36,35.36,35.36,35.36,3,30
2023-06-28 14:30:00+00:00,35.22,35.22,35.22,35.22,1,1
2023-06-28 14:45:00+00:00,35.29,35.29,35.29,35.29,1,1
2023-06-28 15:30:00+00:00,35.27,35.27,35.27,35.27,1,7
2023-06-29 14:45:00+00:00,35.43,35.43,35.43,35.43,1,2
2023-06-30 15:30:00+00:00,35.44,35.44,35.44,35.44,1,2
2023-06-30 15:45:00+00:00,35.44,35.63,35.44,35.63,2,3
2023-07-05 13:45:00+00:00,35.51,35.51,35.15,35.15,2,2
2023-07-05 14:15:00+00:00,35.18,35.18,35.18,35.18,1,1
2023-07-05 14:30:00+00:00,35.24,35.24,35.24,35.24,1,1
2023-07-05 14:45:00+00:00,34.53,35.04,34.53,35.04,2,11
2023-07-05 15:00:00+00:00,34.94,34.94,34.9,34.9,2,2
2023-07-05 15:15:00+00:00,34.85,34.85,34.8,34.8,4,4
2023-07-05 15:45:00+00:00,35.1,35.1,35.1,35.1,3,3
2023-07-05 16:00:00+00:00,35.1,35.24,34.54,35.2,8,47
2023-07-06 13:45:00+00:00,34.42,34.42,34.42,34.42,1,1
2023-07-06 14:15:00+00:00,34.42,34.48,34.42,34.48,2,2
2023-07-06 15:00:00+00:00,34.77,34.77,34.77,34.77,1,6
2023-07-06 15:15:00+00:00,34.77,34.77,34.77,34.77,1,1
2023-07-07 15:45:00+00:00,34.8,34.8,34.8,34.8,1,3
2023-07-07 16:00:00+00:00,34.81,34.81,34.81,34.81,1,5
2023-07-12 13:30:00+00:00,36.1,36.1,36.1,36.1,1,1
2023-07-12 13:45:00+00:00,36.1,36.1,36.1,36.1,1,2
2023-07-12 14:00:00+00:00,35.995,36.02,35.995,36.02,2,20
2023-07-12 14:30:00+00:00,36.02,36.05,36.02,36.05,2,4
2023-07-12 15:00:00+00:00,36.06,36.06,36.05,36.05,6,18
2023-07-12 15:30:00+00:00,35.82,35.82,35.82,35.82,2,2
2023-07-14 14:00:00+00:00,36.72,36.9,36.72,36.9,3,103
2023-07-14 14:30:00+00:00,37.16,37.16,37.16,37.16,2,78
2023-07-17 14:45:00+00:00,36.6,36.6,36.6,36.6,1,1
2023-07-17 15:00:00+00:00,36.54,36.54,36.54,36.54,1,1
2023-07-19 15:45:00+00:00,36.82,36.82,36.82,36.82,1,1
2023-07-20 15:15:00+00:00,36.9,36.9,36.57,36.57,2,13
2023-07-21 13:45:00+00:00,36.75,36.75,36.75,36.75,1,11
2023-07-21 14:00:00+00:00,36.75,36.75,36.75,36.75,1,9
2023-07-24 16:00:00+00:00,36.79,36.89,36.79,36.89,5,190
2023-07-26 13:45:00+00:00,37.11,37.11,37.1,37.1,2,86
2023-07-27 15:15:00+00:00,37.12,37.12,37.12,37.12,1,1
2023-07-28 14:15:00+00:00,37.5,37.8,37.5,37.8,4,87
2023-07-28 14:30:00+00:00,37.96,37.96,37.96,37.96,1,1
2023-07-28 14:45:00+00:00,38.15,38.15,37.8,37.85,16,486
2023-07-28 15:00:00+00:00,37.85,37.85,36.45,36.45,12,345
2023-07-31 14:30:00+00:00,37.1,37.1,36.9,37.0,8,400
2023-07-31 14:45:00+00:00,37.0,37.195,37.0,37.14,4,224
2023-07-31 15:00:00+00:00,37.2,37.2,37.2,37.2,1,100
2023-08-01 13:45:00+00:00,37.6,37.6,37.6,37.6,3,100
2023-08-01 15:30:00+00:00,37.145,37.145,37.04,37.04,4,102
2023-08-01 15:45:00+00:00,37.14,37.14,37.14,37.14,1,1
2023-08-02 13:30:00+00:00,37.5,37.5,37.48,37.48,3,46
2023-08-02 14:00:00+00:00,37.2,37.2,37.2,37.2,3,10
2023-08-02 14:45:00+00:00,37.38,37.38,37.38,37.38,1,4
2023-08-04 13:45:00+00:00,37.0,37.0,37.0,37.0,3,3
2023-08-04 14:30:00+00:00,37.0,37.0,37.0,37.0,1,22
2023-08-04 14:45:00+00:00,36.85,36.85,36.85,36.85,2,2
2023-08-04 15:00:00+00:00,37.0,37.0,37.0,37.0,3,6
2023-08-07 16:00:00+00:00,36.72,36.72,36.72,36.72,1,1
2023-08-08 13:30:00+00:00,37.0,37.0,37.0,37.0,2,100
2023-08-08 15:00:00+00:00,36.5,36.5,36.47,36.47,4,102
2023-08-09 14:00:00+00:00,36.93,36.93,36.93,36.93,1,1
2023-08-09 16:00:00+00:00,36.79,37.0,36.75,37.0,21,885
2023-08-10 15:00:00+00:00,37.15,37.4,37.1,37.4,6,15
2023-08-11 13:30:00+00:00,37.01,37.01,37.01,37.01,1,75
2023-08-11 13:45:00+00:00,37.02,37.15,37.0,37.0,17,805
2023-08-11 15:30:00+00:00,37.06,37.06,37.06,37.06,1,6
2023-08-14 13:30:00+00:00,37.56,37.56,37.56,37.56,1,20
2023-08-14 16:00:00+00:00,35.9,36.9,35.9,36.9,9,306
2023-08-15 13:30:00+00:00,37.25,37.25,37.25,37.25,1,1
2023-08-15 14:00:00+00:00,36.51,36.51,36.51,36.51,1,1
2023-08-15 14:15:00+00:00,36.52,36.6,36.52,36.55,5,20
2023-08-15 14:30:00+00:00,36.57,36.57,36.43,36.43,3,40
2023-08-16 13:45:00+00:00,36.75,36.96,36.69,36.69,4,58
2023-08-16 16:00:00+00:00,36.3,36.3,36.19,36.19,2,14
2023-08-17 13:30:00+00:00,36.55,36.56,36.5,36.5,15,442
2023-08-17 14:00:00+00:00,36.08,36.1,36.08,36.1,2,20
2023-08-17 14:15:00+00:00,36.16,36.23,36.16,36.23,4,40
2023-08-17 14:30:00+00:00,36.24,36.3,36.24,36.3,7,104
2023-08-17 14:45:00+00:00,36.26,36.26,35.9,36.18,7,26
2023-08-17 15:00:00+00:00,36.0,36.0,36.0,36.0,2,65
2023-08-18 13:30:00+00:00,36.25,36.28,36.01,36.28,17,656
2023-08-18 13:45:00+00:00,36.26,36.26,35.8,35.88,7,222
2023-08-18 14:30:00+00:00,36.0,36.0,36.0,36.0,1,4
2023-08-21 14:00:00+00:00,35.75,35.85,35.75,35.85,7,672
2023-08-21 14:30:00+00:00,35.83,35.83,35.83,35.83,1,5
2023-08-22 13:30:00+00:00,37.0,37.0,37.0,37.0,1,100
2023-08-23 13:45:00+00:00,37.95,37.95,37.65,37.65,5,334
2023-08-23 14:00:00+00:00,37.16,37.5,37.16,37.5,2,101
2023-08-23 14:30:00+00:00,37.6,37.6,37.6,37.6,3,100
2023-08-23 15:00:00+00:00,37.5,37.5,37.5,37.5,3,100
2023-08-24 13:30:00+00:00,37.28,38.14,37.28,37.5,15,582
2023-08-24 13:45:00+00:00,37.35,37.6,37.35,37.6,9,465
2023-08-24 14:00:00+00:00,37.64,38.3,37.64,38.3,3,13
2023-08-24 15:00:00+00:00,37.71,37.71,37.4,37.4,2,75
2023-08-24 15:15:00+00:00,37.4,37.4,37.4,37.4,1,48
2023-08-24 15:45:00+00:00,37.5,37.5,37.41,37.41,3,4
2023-08-24 16:00:00+00:00,37.41,37.41,37.41,37.41,3,39
2023-08-25 13:30:00+00:00,37.2,37.3,37.05,37.07,40,1981
2023-08-25 13:45:00+00:00,37.06,37.06,37.01,37.02,6,268
2023-08-25 14:00:00+00:00,37.31,37.31,37.01,37.01,2,2
2023-08-25 14:15:00+00:00,37.01,37.01,37.01,37.01,1,4
2023-08-25 15:00:00+00:00,37.01,37.01,37.01,37.01,3,17
2023-08-25 15:15:00+00:00,37.01,37.01,37.01,37.01,1,3
2023-08-25 15:30:00+00:00,37.02,37.31,37.01,37.31,3,123
2023-08-25 16:00:00+00:00,37.01,37.01,37.01,37.01,1,2
2023-08-28 13:30:00+00:00,37.6,37.6,37.6,37.6,1,10
2023-08-28 13:45:00+00:00,37.34,37.34,36.75,36.77,20,1061
2023-08-28 14:00:00+00:00,36.9,37.11,36.9,37.07,23,1499
2023-08-28 14:15:00+00:00,37.07,37.07,37.07,37.07,2,70
2023-08-28 15:00:00+00:00,37.08,37.08,37.08,37.08,1,1
2023-08-28 15:15:00+00:00,37.08,37.08,37.07,37.07,3,121
2023-08-28 15:45:00+00:00,37.05,37.05,36.9,36.9,8,485
2023-08-29 13:30:00+00:00,36.53,37.24,36.53,37.18,15,977
2023-08-29 14:00:00+00:00,37.15,37.15,37.15,37.15,1,1
2023-08-29 14:15:00+00:00,37.3,37.3,37.3,37.3,1,3
2023-08-29 14:30:00+00:00,37.3,37.3,37.3,37.3,2,4
2023-08-29 14:45:00+00:00,37.25,37.25,37.24,37.25,4,101
2023-08-29 15:00:00+00:00,37.24,37.74,37.21,37.74,8,123
2023-08-29 15:15:00+00:00,37.7,37.7,37.5,37.5,4,7
2023-08-29 15:30:00+00:00,37.51,37.51,37.51,37.51,1,8
2023-08-30 13:45:00+00:00,37.7,37.7,37.5,37.51,4,129
2023-08-30 14:15:00+00:00,37.51,37.55,37.51,37.55,3,126
2023-08-30 14:30:00+00:00,37.65,37.65,37.52,37.52,14,565
2023-08-30 15:15:00+00:00,37.5,37.5,37.5,37.5,1,1
2023-08-30 16:00:00+00:00,37.22,37.22,37.22,37.22,1,1
2023-08-31 13:30:00+00:00,37.5,37.6,37.45,37.6,5,435
2023-08-31 14:15:00+00:00,37.8,37.8,37.46,37.51,4,106
2023-08-31 14:30:00+00:00,37.51,37.6,37.45,37.45,15,625
2023-08-31 14:45:00+00:00,37.5,37.5,37.48,37.48,9,23
2023-08-31 15:00:00+00:00,37.5,37.5,37.5,37.5,1,7
2023-09-01 13:30:00+00:00,38.0,38.2,37.0,37.14,4,103
2023-09-01 14:00:00+00:00,37.3,37.32,37.3,37.32,2,2
2023-09-01 15:00:00+00:00,36.41,36.8,36.41,36.8,6,901
2023-09-05 14:00:00+00:00,36.7,36.71,36.7,36.71,2,13
2023-09-05 14:30:00+00:00,36.67,36.7,36.67,36.7,5,105
2023-09-05 14:45:00+00:00,36.7,36.7,36.7,36.7,4,192
2023-09-05 15:00:00+00:00,36.59,36.59,36.59,36.59,1,23
2023-09-05 15:15:00+00:00,36.5,36.65,36.2,36.4,6,427
2023-09-05 15:45:00+00:00,36.65,36.79,36.35,36.35,14,53
2023-09-06 14:30:00+00:00,36.65,36.65,36.65,36.65,2,10
2023-09-06 14:45:00+00:00,36.9,36.9,36.9,36.9,7,106
2023-09-06 15:15:00+00:00,36.91,36.91,36.62,36.62,4,19
2023-09-06 15:30:00+00:00,36.84,36.89,36.84,36.89,2,2
2023-09-06 15:45:00+00:00,36.805,36.805,36.805,36.805,1,1
2023-09-07 13:30:00+00:00,36.89,36.89,36.74,36.74,2,2
2023-09-07 14:00:00+00:00,36.23,36.23,36.23,36.23,1,1
2023-09-07 15:30:00+00:00,36.4,36.46,36.4,36.46,9,111
2023-09-07 16:00:00+00:00,36.4,36.4,36.4,36.4,1,1
2023-09-08 14:00:00+00:00,36.68,36.74,36.68,36.74,3,32
2023-09-08 14:15:00+00:00,36.24,36.59,36.24,36.59,2,17
2023-09-11 13:30:00+00:00,37.5,37.5,37.5,37.5,1,100
2023-09-11 13:45:00+00:00,37.25,37.31,37.25,37.31,7,85
2023-09-11 14:00:00+00:00,37.445,37.59,37.445,37.59,10,66
2023-09-11 14:30:00+00:00,37.56,37.56,37.31,37.31,6,170
2023-09-11 14:45:00+00:00,37.32,37.33,37.2,37.3,8,541
2023-09-11 15:15:00+00:00,37.01,37.01,37.01,37.01,2,105
2023-09-11 15:30:00+00:00,37.01,37.01,37.01,37.01,1,5
2023-09-11 16:00:00+00:00,37.01,37.01,37.01,37.01,2,6
2023-09-12 13:30:00+00:00,37.8,37.8,37.21,37.25,29,908
2023-09-12 13:45:00+00:00,37.21,37.21,37.21,37.21,4,8
2023-09-12 14:00:00+00:00,37.22,37.22,37.22,37.22,4,8
2023-09-12 14:15:00+00:00,37.21,37.21,37.2,37.21,4,136
2023-09-12 15:00:00+00:00,37.17,37.2,37.17,37.2,5,170
2023-09-12 15:15:00+00:00,37.2,37.2,37.03,37.03,3,38
2023-09-12 15:30:00+00:00,37.05,37.06,37.03,37.05,4,105
2023-09-12 15:45:00+00:00,37.2,37.2,37.06,37.07,4,108
2023-09-12 16:00:00+00:00,37.03,37.03,37.03,37.03,2,4
2023-09-13 13:30:00+00:00,37.41,37.41,37.0,37.04,16,806
2023-09-13 13:45:00+00:00,37.1,37.1,37.01,37.01,12,516
2023-09-13 14:00:00+00:00,37.01,37.12,37.01,37.12,5,139
2023-09-13 14:15:00+00:00,37.1,37.1,37.1,37.1,1,10
2023-09-13 14:30:00+00:00,37.1,37.1,37.1,37.1,1,10
2023-09-13 14:45:00+00:00,37.1,37.1,37.1,37.1,1,3
2023-09-13 15:00:00+00:00,37.1,37.1,37.1,37.1,1,10
2023-09-13 15:15:00+00:00,37.1,37.1,37.1,37.1,1,10
2023-09-13 15:30:00+00:00,37.0,37.0,36.8,36.8,10,470
2023-09-13 15:45:00+00:00,36.8,36.8,36.8,36.8,2,4
2023-09-13 16:00:00+00:00,36.97,37.1,36.97,37.1,7,116
2023-09-14 13:30:00+00:00,37.45,37.45,36.9,36.95,18,1031
2023-09-14 13:45:00+00:00,37.01,37.01,37.01,37.01,1,6
2023-09-14 14:00:00+00:00,36.97,37.0,36.97,37.0,2,12
2023-09-14 14:15:00+00:00,37.0,37.0,37.0,37.0,1,6
2023-09-14 14:45:00+00:00,37.0,37.0,36.97,36.97,2,72
2023-09-14 15:30:00+00:00,36.99,36.99,36.94,36.94,2,72
2023-09-15 13:30:00+00:00,37.29,37.29,37.0,37.0,5,302
2023-09-15 13:45:00+00:00,37.28,37.28,37.28,37.28,1,1
2023-09-15 14:15:00+00:00,37.17,37.17,36.95,36.95,2,5
2023-09-15 14:30:00+00:00,36.42,36.45,36.42,36.45,8,8
2023-09-15 15:15:00+00:00,36.69,36.87,36.69,36.87,2,38
2023-09-15 15:30:00+00:00,36.55,36.55,36.55,36.55,1,10
2023-09-15 15:45:00+00:00,36.8,36.8,36.47,36.47,7,12
2023-09-15 16:00:00+00:00,36.46,36.46,36.46,36.46,1,3
2023-09-18 13:30:00+00:00,36.6,36.6,36.55,36.55,2,6
2023-09-18 14:00:00+00:00,37.13,37.13,36.72,36.72,6,11
2023-09-18 14:15:00+00:00,36.7,36.71,36.58,36.66,11,121
2023-09-18 14:30:00+00:00,36.66,36.66,36.66,36.66,6,7
2023-09-18 14:45:00+00:00,36.6,36.6,36.6,36.6,1,1
2023-09-18 15:00:00+00:00,36.59,36.59,36.59,36.59,1,5
2023-09-18 15:15:00+00:00,36.59,36.6,36.49,36.49,4,106
2023-09-18 15:30:00+00:00,36.58,36.58,36.42,36.42,2,3
2023-09-18 16:00:00+00:00,36.79,36.9,36.79,36.9,4,28
2023-09-19 13:30:00+00:00,37.75,37.75,37.06,37.06,6,213
2023-09-19 13:45:00+00:00,37.01,37.01,37.01,37.01,1,1
2023-09-19 14:00:00+00:00,37.28,37.28,37.01,37.01,3,200
2023-09-19 15:00:00+00:00,37.05,37.05,37.01,37.01,4,301
2023-09-19 15:15:00+00:00,37.15,37.15,37.0,37.0,5,199
2023-09-19 16:00:00+00:00,36.81,37.05,36.8,37.05,6,30
2023-09-20 13:30:00+00:00,37.2,37.2,36.9,36.9,15,1000
2023-09-20 14:30:00+00:00,36.21,36.99,36.21,36.99,6,370
2023-09-20 14:45:00+00:00,36.56,36.56,36.56,36.56,1,1
2023-09-20 15:15:00+00:00,36.58,36.58,36.58,36.58,1,100
2023-09-20 15:30:00+00:00,36.7,37.0,36.7,36.89,6,303
2023-09-21 13:45:00+00:00,37.15,37.15,37.15,37.15,2,2
2023-09-21 14:00:00+00:00,37.1,37.1,37.1,37.1,1,2
2023-09-21 14:30:00+00:00,36.78,36.87,36.78,36.87,6,213
2023-09-21 15:15:00+00:00,36.75,36.75,36.75,36.75,1,1
2023-09-21 15:45:00+00:00,36.65,36.65,36.65,36.65,1,2
2023-09-22 13:30:00+00:00,36.85,36.85,36.85,36.85,1,1
2023-09-22 13:45:00+00:00,36.85,36.85,36.85,36.85,2,2
2023-09-22 14:15:00+00:00,36.68,36.68,36.68,36.68,1,3
2023-09-22 15:00:00+00:00,36.64,36.64,36.64,36.64,1,4
2023-09-25 13:30:00+00:00,36.95,36.95,36.8,36.8,2,2
2023-09-25 13:45:00+00:00,36.75,36.75,36.5,36.5,18,881
2023-09-25 14:00:00+00:00,36.7,36.7,36.7,36.7,1,1
2023-09-25 14:15:00+00:00,36.7,36.7,36.7,36.7,1,1
2023-09-25 14:30:00+00:00,36.52,36.7,36.5,36.68,13,806
2023-09-26 14:15:00+00:00,36.39,36.4,36.225,36.225,4,34
2023-09-26 14:30:00+00:00,36.4,36.4,36.39,36.39,2,2
2023-09-26 14:45:00+00:00,36.39,36.39,36.39,36.39,1,1
2023-09-26 15:00:00+00:00,36.27,36.27,36.11,36.18,3,3
2023-09-27 14:30:00+00:00,36.2,36.2,36.2,36.2,1,18
2023-09-27 15:15:00+00:00,36.29,36.29,36.29,36.29,3,7
2023-09-27 15:30:00+00:00,36.29,36.67,36.21,36.65,9,11
2023-09-27 16:00:00+00:00,36.35,36.35,36.35,36.35,1,1
2023-09-28 13:45:00+00:00,36.38,36.6,36.34,36.34,8,141
2023-09-29 14:15:00+00:00,36.23,36.23,36.2,36.2,3,111
2023-09-29 15:15:00+00:00,36.81,36.81,36.81,36.81,2,2
2023-09-29 15:30:00+00:00,36.4,36.6,36.4,36.6,3,3
2023-09-29 16:00:00+00:00,36.28,36.28,36.28,36.28,2,12
2023-10-02 14:00:00+00:00,36.4,36.4,36.23,36.23,4,101
2023-10-02 14:15:00+00:00,36.44,36.47,36.44,36.47,2,100
2023-10-02 15:00:00+00:00,36.26,36.26,36.26,36.26,1,4
2023-10-02 15:45:00+00:00,36.52,36.52,36.52,36.52,1,1
2023-10-02 16:00:00+00:00,36.25,36.25,36.25,36.25,1,1
2023-10-03 13:30:00+00:00,36.4,36.4,35.43,35.95,80,1265
2023-10-03 13:45:00+00:00,36.1,36.1,35.92,35.95,48,422
2023-10-03 14:00:00+00:00,36.01,36.01,36.01,36.01,1,1
2023-10-03 14:15:00+00:00,35.96,35.96,35.95,35.95,3,4
2023-10-03 14:30:00+00:00,35.5,35.5,35.5,35.5,1,1
2023-10-03 14:45:00+00:00,35.47,35.75,35.47,35.65,10,1502
2023-10-03 15:00:00+00:00,35.47,35.6,35.35,35.35,6,401
2023-10-03 15:45:00+00:00,35.5,35.5,35.5,35.5,1,1
2023-10-04 13:45:00+00:00,35.5,35.85,35.5,35.78,3,208
2023-10-04 15:15:00+00:00,35.7,35.7,35.65,35.65,6,107
2023-10-04 15:45:00+00:00,35.66,35.7,35.66,35.7,2,7
2023-10-05 15:15:00+00:00,35.14,36.1,35.14,36.1,12,313
2023-10-05 16:00:00+00:00,35.4,35.4,35.4,35.4,1,5
2023-10-06 13:30:00+00:00,35.3,35.3,35.0,35.25,3,102
2023-10-06 13:45:00+00:00,35.25,35.25,35.25,35.25,5,6
2023-10-06 14:00:00+00:00,35.25,35.25,35.25,35.25,1,1
2023-10-06 14:15:00+00:00,35.25,35.25,35.25,35.25,6,106
2023-10-06 14:30:00+00:00,35.24,35.24,35.24,35.24,1,1
2023-10-06 14:45:00+00:00,35.39,35.39,35.39,35.39,1,1
2023-10-06 15:30:00+00:00,34.9,34.9,34.9,34.9,1,1
2023-10-06 16:00:00+00:00,34.95,35.04,34.95,35.04,2,3
2023-10-09 14:45:00+00:00,34.41,34.6,34.41,34.6,2,2
2023-10-09 15:30:00+00:00,34.6,34.6,34.6,34.6,2,2
2023-10-09 15:45:00+00:00,34.55,34.7,34.55,34.7,3,112
2023-10-09 16:00:00+00:00,34.55,34.55,34.55,34.55,1,2
2023-10-10 14:30:00+00:00,34.2,34.2,34.2,34.2,1,1
2023-10-10 14:45:00+00:00,34.25,34.55,34.25,34.55,3,3
2023-10-10 15:45:00+00:00,34.89,34.89,34.89,34.89,2,62
2023-10-10 16:00:00+00:00,35.23,35.24,35.23,35.24,2,2
2023-10-11 13:30:00+00:00,35.23,35.23,35.23,35.23,2,86
2023-10-11 14:00:00+00:00,34.995,35.24,34.98,34.98,5,57
2023-10-11 14:15:00+00:00,34.98,34.98,34.64,34.64,5,11
2023-10-11 14:30:00+00:00,34.51,34.51,34.51,34.51,1,43
2023-10-11 15:30:00+00:00,34.49,34.49,34.49,34.49,2,143
2023-10-11 16:00:00+00:00,34.49,34.49,34.49,34.49,2,43
2023-10-12 14:00:00+00:00,34.43,34.61,34.235,34.235,6,19
2023-10-12 14:45:00+00:00,34.7,34.75,34.7,34.75,2,2
2023-10-12 15:00:00+00:00,34.7,34.7,34.05,34.05,2,3
2023-10-12 15:45:00+00:00,34.8,34.85,34.8,34.85,2,2
2023-10-13 14:30:00+00:00,34.65,34.71,34.65,34.71,3,8
2023-10-13 14:45:00+00:00,34.56,34.56,34.13,34.13,3,8
2023-10-13 15:15:00+00:00,34.34,34.735,34.34,34.43,4,103
2023-10-13 15:30:00+00:00,34.4,34.4,34.4,34.4,1,1
2023-10-13 16:00:00+00:00,34.7,34.7,34.65,34.65,3,9
2023-10-16 14:15:00+00:00,34.79,34.79,34.79,34.79,1,26
2023-10-16 14:45:00+00:00,34.7,34.7,34.7,34.7,4,4
2023-10-16 15:30:00+00:00,34.69,34.69,34.69,34.69,1,26
2023-10-16 15:45:00+00:00,34.69,34.89,34.69,34.89,2,12
2023-10-17 14:00:00+00:00,34.92,34.92,34.92,34.92,1,7
2023-10-17 14:30:00+00:00,34.88,34.88,34.88,34.88,1,37
2023-10-18 13:45:00+00:00,34.5,34.55,33.88,33.88,4,294
2023-10-18 14:00:00+00:00,33.99,33.99,33.99,33.99,1,1
2023-10-19 13:30:00+00:00,34.26,34.5,34.26,34.5,3,77
2023-10-19 14:00:00+00:00,34.15,34.15,34.15,34.15,1,1
2023-10-19 14:30:00+00:00,34.1,34.1,34.01,34.01,2,21
2023-10-19 15:00:00+00:00,34.01,34.35,34.01,34.2,4,65
2023-10-19 15:15:00+00:00,34.05,34.05,34.05,34.05,1,5
2023-10-19 15:30:00+00:00,34.05,34.05,34.05,34.05,4,8
2023-10-19 15:45:00+00:00,34.05,34.07,34.05,34.07,6,10
2023-10-19 16:00:00+00:00,34.07,34.2,34.06,34.2,7,105
2023-10-20 15:15:00+00:00,33.79,33.79,33.79,33.79,1,1
2023-10-20 15:30:00+00:00,33.83,33.84,33.71,33.71,6,25
2023-10-20 15:45:00+00:00,33.9,33.9,33.9,33.9,1,1
2023-10-23 13:45:00+00:00,34.2,34.2,34.2,34.2,1,1
2023-10-23 14:30:00+00:00,34.2,34.2,33.94,33.94,3,3
2023-10-23 15:45:00+00:00,33.64,33.955,33.64,33.955,5,5
2023-10-23 16:00:00+00:00,34.2,34.2,34.2,34.2,1,1
2023-10-24 14:00:00+00:00,33.96,33.96,33.96,33.96,1,1
2023-10-24 15:15:00+00:00,33.99,33.99,33.99,33.99,2,2
2023-10-24 15:30:00+00:00,33.81,33.81,33.81,33.81,2,3
2023-10-24 15:45:00+00:00,33.78,33.78,33.27,33.6,5,15
2023-10-25 13:30:00+00:00,34.0,34.0,34.0,34.0,1,75
2023-10-25 13:45:00+00:00,33.72,33.72,33.72,33.72,1,1
2023-10-27 15:45:00+00:00,33.78,33.79,33.78,33.79,3,73
2023-10-30 14:30:00+00:00,33.98,33.98,33.88,33.88,2,2
2023-10-31 14:30:00+00:00,33.55,33.73,33.55,33.73,3,100
2023-11-01 13:30:00+00:00,33.99,33.99,33.99,33.99,1,1
2023-11-01 13:45:00+00:00,33.6,33.6,33.54,33.54,3,4
2023-11-01 14:45:00+00:00,33.48,33.665,33.48,33.665,5,7
2023-11-01 15:00:00+00:00,33.71,33.71,33.71,33.71,1,1
2023-11-02 13:30:00+00:00,33.75,33.75,33.75,33.75,1,1
2023-11-02 13:45:00+00:00,34.06,34.27,33.75,34.06,7,8
2023-11-02 14:00:00+00:00,34.29,34.29,34.06,34.06,2,2
2023-11-02 14:15:00+00:00,34.07,34.35,34.07,34.35,2,2
2023-11-02 15:00:00+00:00,33.8,33.8,33.8,33.8,1,1
2023-11-02 15:45:00+00:00,33.82,33.82,33.82,33.82,1,2
2023-11-03 14:45:00+00:00,34.07,34.07,34.06,34.06,2,100
2023-11-07 15:00:00+00:00,34.24,34.24,34.24,34.24,1,1
2023-11-07 15:15:00+00:00,34.1,34.1,34.1,34.1,3,200
2023-11-08 14:45:00+00:00,33.69,33.69,33.69,33.69,1,100
2023-11-08 15:00:00+00:00,33.89,33.89,33.71,33.72,6,83
2023-11-08 15:15:00+00:00,33.87,33.94,33.87,33.94,3,3
2023-11-08 15:30:00+00:00,33.8,33.88,33.79,33.82,4,103
2023-11-08 16:00:00+00:00,33.48,33.69,33.48,33.69,3,102
2023-11-09 15:00:00+00:00,33.51,33.6,33.51,33.6,2,2
2023-11-09 15:30:00+00:00,33.34,33.4,33.34,33.4,3,8
2023-11-09 15:45:00+00:00,32.13,32.64,32.13,32.64,5,108
2023-11-09 16:00:00+00:00,32.86,32.88,32.45,32.88,3,12
2023-11-10 15:30:00+00:00,33.37,33.37,33.37,33.37,1,1
2023-11-14 14:30:00+00:00,32.26,32.26,32.26,32.26,2,97
2023-11-14 15:45:00+00:00,32.82,32.82,32.82,32.82,1,1
2023-11-16 16:00:00+00:00,32.63,32.63,32.63,32.63,1,200
2023-11-22 15:15:00+00:00,34.0,34.0,34.0,34.0,1,1
2023-11-24 15:00:00+00:00,33.47,33.47,33.47,33.47,1,1
2023-11-24 16:00:00+00:00,33.69,33.69,33.69,33.69,1,1
2023-11-27 15:15:00+00:00,33.51,33.52,33.51,33.52,2,3
2023-11-27 15:30:00+00:00,33.45,33.5,33.45,33.5,4,259
2023-11-27 15:45:00+00:00,33.65,33.65,33.65,33.65,1,3
2023-11-27 16:00:00+00:00,33.61,33.61,33.61,33.61,3,3
2023-11-28 15:45:00+00:00,33.29,33.29,33.29,33.29,1,2
2023-11-28 16:00:00+00:00,33.76,33.76,33.76,33.76,1,1
2023-11-29 15:30:00+00:00,33.4,33.4,33.16,33.16,4,5
2023-11-29 15:45:00+00:00,33.55,33.67,33.55,33.67,2,2
2023-11-30 15:15:00+00:00,33.49,33.49,33.49,33.49,1,1
2023-12-04 15:15:00+00:00,33.53,33.69,33.53,33.69,2,3
2023-12-04 15:30:00+00:00,33.42,33.43,33.245,33.43,6,164
2023-12-04 15:45:00+00:00,33.02,33.52,33.02,33.4,4,4
2023-12-04 16:00:00+00:00,33.21,33.21,33.21,33.21,2,28
2023-12-05 14:30:00+00:00,33.96,33.96,33.96,33.96,1,100
2023-12-05 15:00:00+00:00,34.01,34.04,34.01,34.04,5,72
2023-12-07 15:45:00+00:00,33.49,33.625,33.48,33.48,4,103
2023-12-07 16:00:00+00:00,33.73,33.73,33.66,33.66,2,2
2023-12-12 15:00:00+00:00,34.3,34.3,34.3,34.3,1,1
2023-12-13 15:00:00+00:00,34.95,35.2,34.88,35.11,8,156
2023-12-13 15:30:00+00:00,35.01,35.01,35.01,35.01,1,1
2023-12-13 15:45:00+00:00,35.01,35.01,35.01,35.01,1,1
2023-12-14 15:00:00+00:00,36.0,36.4,35.0,35.5,4,7
2023-12-14 15:45:00+00:00,36.4,36.4,35.76,35.76,2,68
2023-12-14 16:00:00+00:00,35.76,35.76,35.76,35.76,1,5
2023-12-19 14:30:00+00:00,35.65,35.65,35.65,35.65,2,75
2023-12-20 15:30:00+00:00,36.95,36.95,36.62,36.62,2,3
2023-12-22 14:45:00+00:00,36.55,36.66,36.55,36.66,2,3
2023-12-26 15:45:00+00:00,36.5,36.5,36.24,36.28,4,5
2023-12-29 14:45:00+00:00,36.14,36.14,36.14,36.14,1,1
2023-12-29 15:00:00+00:00,36.13,36.13,36.13,36.13,1,1
2024-01-02 15:00:00+00:00,35.25,35.25,35.25,35.25,1,1
2024-01-03 14:45:00+00:00,35.36,35.36,35.36,35.36,2,3
2024-01-04 14:45:00+00:00,35.59,35.59,35.59,35.59,1,1
2024-01-04 15:00:00+00:00,35.64,35.64,35.22,35.22,3,3
2024-01-05 15:15:00+00:00,35.64,35.64,35.64,35.64,2,2
2024-01-08 15:30:00+00:00,34.75,34.75,34.74,34.74,2,86
2024-01-11 15:15:00+00:00,33.99,34.55,33.99,34.55,2,2
2024-01-11 15:30:00+00:00,34.34,34.34,34.34,34.34,2,3
2024-01-11 15:45:00+00:00,34.73,34.73,34.32,34.32,3,17
